Id,User Name,Created_at,Updated_at
1,Rakesh Sharma,07-01-2022 04:13:32,03-11-2022 19:05:14
17,NewUser Test,04-11-2022 11:18:42,22-12-2022 18:10:36
18,Prashant pal,12-12-2022 15:08:01,12-12-2022 15:08:01
19,Vinay Gupta,14-12-2022 11:15:36,14-12-2022 11:50:09
21,Ajay Kumar,22-12-2022 18:12:12,22-12-2022 18:14:37
23,dd Kumar,23-12-2022 14:14:42,23-12-2022 14:26:25
32,New  User,23-12-2022 16:38:05,23-12-2022 16:47:49
33,Ajay Kumar,23-12-2022 18:16:42,23-12-2022 18:30:00
34,rer trt,23-12-2022 18:18:34,23-12-2022 18:29:53
35,pp Kumar,23-12-2022 18:21:02,23-12-2022 18:29:43
51,prashant pal,28-12-2022 18:45:14,28-12-2022 18:57:44
